category,n_contracts,total_observations,avg_spread,avg_spread_pct,avg_volume,avg_volatility,avg_depth_resilience,avg_spread_collapse_slope,avg_liquidity_resilience,avg_burst_intensity,avg_regime_entropy,regime_pct_1,regime_pct_5,regime_pct_3,regime_pct_2,regime_pct_4
Culture,21,1255569,8.777140631211486,0.3074121642489155,12.743037670714298,0.008490871130478068,0.039643757571938984,-21.489259537706296,1.0,5.792163535173782,0.1296000163557373,95.83740807147402,1.436314761265473,1.4160724436124257,0.5285991247345351,0.7816055989135373
Politics,32,3600136,1.9118341068474725,0.20973091408719638,66.60003405369453,0.0027209141576874183,0.016237177129739884,-2.3272886448341463,1.0,9.5474550836589,0.18374332683902475,92.90964834041998,1.7624121744389674,3.719366978658789,0.10076572615129262,1.5078067803309678
Weather,29,337805,6.634408428904758,0.6445872706440113,69.06191485284424,0.03633969598983824,0.07247381109179994,-14.800575518279265,1.0,5.975740870199874,0.2747157600867196,89.74332415071467,2.737086245559681,2.979857621345519,2.2919861500202945,2.24774583235984
Sports,120,978543,6.647193764813676,0.1427779443655767,1577.286251645932,0.007287207064331905,0.04667367826742001,-21.852789767602605,1.0,5.61596880792998,0.45519213865546365,73.80589464250859,1.64734334783723,19.585629823387418,0.663598779836259,4.297533406430518
Economics,49,3382530,6.815496140459917,0.4078423001652511,85.09563289431021,0.004664521215652144,0.014606485095703517,-18.005562231584705,1.0,8.044450423737981,0.16532655530657886,94.19330082438921,1.2687480835282432,1.8867507175377192,1.160281167127091,1.4909192074177318
